Homework Python Basics and Programming (2024),Homework Python Basics and Programming (2025),Comments,,4. What is your programming experience? (2024),4. What is your programming experience? (2025)
81.1,93.9,,,Some. I can write simple programs,A little. It has been a while since I programmed anything.
70.7,100.0,,,None,A little. It has been a while since I programmed anything.
97.6,100.0,,,A little. It has been a while since I programmed anything.,A little. It has been a while since I programmed anything.
95.1,78.0,,,None,A little. It has been a while since I programmed anything.
95.1,96.3,,,None,A little. It has been a while since I programmed anything.
97.6,95.1,,,A little. It has been a while since I programmed anything.,A little. It has been a while since I programmed anything.
83.5,98.8,,,A little. It has been a while since I programmed anything.,Some. I can write simple programs
97.6,97.6,,,A little. It has been a while since I programmed anything.,None
100.0,100.0,,,None,A little. It has been a while since I programmed anything.
96.3,92.7,,,A little. It has been a while since I programmed anything.,None
97.6,96.3,,,A little. It has been a while since I programmed anything.,A little. It has been a while since I programmed anything.
96.3,93.9,,,None,A little. It has been a while since I programmed anything.
81,97.6,,,A lot. I regularly write codes,A little. It has been a while since I programmed anything.
91,95.1,,,A little. It has been a while since I programmed anything.,A little. It has been a while since I programmed anything.
97.5,94,,,Some. I can write simple programs,A little. It has been a while since I programmed anything.
100,98,,,,A little. It has been a while since I programmed anything.
82,80,,,,
100,93.5,,,,
80,98,,,,
88,80,,,,
94,90.5,,,,
98,96,,,,
91,99,,,,
98,80,,,,
,97,,,,
,82,,,,
,98,,,,
,,,,,
,,,,,
